episode,arm,seeded,status,k_budget,n_iters,converged_at_k,first_failure_tier,parse_errors,repair_actions,audit_confirmed,audit_records,dc_gain_db,gbw_hz,phase_margin_deg,itail_ua
ep_f01,full,0,passed,7,4,3,T3,1,0,0,2,48.986,27824694.675267607,82.09,92.079
ep_f02,full,0,passed,7,2,1,T3,0,0,0,1,48.855,22071766.1327833,84.33,79.575
ep_f03,full,0,passed,7,2,1,T3,0,0,0,1,49.025,23860706.173370585,83.06,76.719
ep_f04,full,0,passed,7,2,1,T3,0,0,0,1,50.565,26383383.587703608,77.85,99.487
ep_f05,full,0,passed,7,2,1,T3,0,0,0,1,50.474,22646901.40882431,76.01,83.266
ep_f06,full,0,passed,7,2,1,T3,0,0,0,1,50.529,27420077.523120172,76.6,99.433
ep_f07,full,0,passed,7,4,3,T2,1,0,0,2,48.913,23152886.58500416,84.6,84.331
ep_f08,full,0,passed,7,4,3,T3,1,0,0,2,50.474,21872410.663693342,77.81,74.574
ep_f09,full,0,passed,7,3,2,T3,0,0,0,2,48.905,25109777.491785403,82.94,84.281
ep_f10,full,0,passed,7,2,1,T2,0,0,1,1,48.647,21021548.42550625,86.45,91.911
ep_f11,full,0,passed,7,4,3,T3,1,0,1,2,46.029,24284364.071544304,84.65,85.158
ep_f12,full,0,passed,7,3,2,T3,1,0,0,1,50.435,22612482.73076613,76.33,76.718
ep_f13,full,0,passed,7,3,2,T3,1,0,0,1,50.535,20888900.3311965,78.39,84.299
ep_f14,full,0,passed,7,3,2,T3,1,0,0,1,50.445,28197625.267751373,73.86,99.775
ep_f15,full,0,passed,7,2,1,T3,0,0,0,1,49.919,23414284.485925224,81.7,94.801
ep_f16,full,0,passed,7,1,0,PASS@0,0,0,0,0,48.821,25271471.78674041,84.76,99.433
ep_f17,full,0,passed,7,1,0,PASS@0,0,0,0,0,43.315,22646103.10680599,86.1,76.714
ep_f18,full,0,passed,7,3,2,T2,0,0,0,2,49.995,20345099.458261076,83.05,77.879
ep_f19,full,0,passed,7,4,3,T3,1,0,0,2,50.545,23729481.43640962,77.43,87.554
ep_f20,full,0,passed,7,4,3,T3,1,0,0,2,50.442,23848088.36880573,74.54,86.785
ep_fs01,full,1,passed,7,3,2,T1,0,3,0,2,50.368,22057623.754024312,75.12,73.543
ep_fs02,full,1,passed,7,3,2,T1,0,3,0,2,49.05,22778155.751614656,83.86,74.437
ep_fs03,full,1,passed,7,4,3,T1,1,3,0,2,49.026,22380673.33106556,84.59,76.68
ep_fs04,full,1,passed,7,4,3,T1,0,3,1,3,50.43,25582499.22082386,76.25,92.055
ep_fs05,full,1,passed,7,3,2,T1,0,3,0,2,49.113,22635380.905134678,84.71,76.685
ep_o01,oneshot,0,exhausted,0,1,,T3,1,0,0,0,,,,
ep_o02,oneshot,0,exhausted,0,1,,T2,0,0,0,0,,,,
ep_o03,oneshot,0,exhausted,0,1,,T3,0,0,0,0,,,,
ep_o04,oneshot,0,exhausted,0,1,,T3,0,0,0,0,,,,
ep_o05,oneshot,0,exhausted,0,1,,T3,0,0,0,0,,,,
ep_o06,oneshot,0,exhausted,0,1,,T3,0,0,0,0,,,,
ep_o07,oneshot,0,exhausted,0,1,,T3,1,0,0,0,,,,
ep_o08,oneshot,0,exhausted,0,1,,T3,0,0,0,0,,,,
ep_o09,oneshot,0,passed,0,1,0,PASS@0,0,0,0,0,49.045,23756968.854419693,84.52,82.545
ep_o10,oneshot,0,exhausted,0,1,,T3,1,0,0,0,,,,
ep_o11,oneshot,0,exhausted,0,1,,T2,0,0,0,0,,,,
ep_o12,oneshot,0,exhausted,0,1,,T3,0,0,0,0,,,,
ep_o13,oneshot,0,passed,0,1,0,PASS@0,0,0,0,0,48.855,25299389.114697173,84.95,99.433
ep_o14,oneshot,0,exhausted,0,1,,T3,0,0,0,0,,,,
ep_o15,oneshot,0,passed,0,1,0,PASS@0,0,0,0,0,48.556,22188025.31540583,86.17,99.354
ep_o16,oneshot,0,exhausted,0,1,,T2,0,0,0,0,,,,
ep_o17,oneshot,0,exhausted,0,1,,T3,1,0,0,0,,,,
ep_o18,oneshot,0,exhausted,0,1,,T2,0,0,0,0,,,,
ep_o19,oneshot,0,exhausted,0,1,,T3,0,0,0,0,,,,
ep_o20,oneshot,0,exhausted,0,1,,T3,0,0,0,0,,,,
ep_p01,passfail,0,passed,7,2,1,T3,0,0,0,1,49.868,21553329.736123934,79.03,76.68
ep_p02,passfail,0,passed,7,3,2,T3,0,0,1,2,48.269,28259628.330107123,83.09,90.89
ep_p03,passfail,0,passed,7,3,2,T3,1,0,0,1,48.981,22019629.739026412,83.64,71.639
ep_p04,passfail,0,passed,7,3,2,T3,1,0,0,1,50.021,22055555.949782852,81.68,76.679
ep_p05,passfail,0,passed,7,6,5,T2,1,0,2,4,48.837,23831952.252307337,84.87,91.98
ep_p06,passfail,0,passed,7,5,4,T3,1,0,1,3,50.331,24625869.46583869,75.77,82.967
ep_p07,passfail,0,passed,7,4,3,T3,0,0,1,3,49.013,26556664.39585672,83.15,89.933
ep_p08,passfail,0,passed,7,4,3,T3,1,0,0,2,50.478,26164066.533295702,75.61,92.074
ep_p09,passfail,0,passed,7,5,4,T2,1,0,1,3,49.042,22069294.68339161,82.71,68.156
ep_p10,passfail,0,passed,7,4,3,T3,1,0,0,2,49.1,20239551.627953168,83.82,63.059
ep_p11,passfail,0,passed,7,2,1,T3,0,0,0,1,48.727,23823815.71118464,79.87,76.737
ep_p12,passfail,0,passed,7,3,2,T3,1,0,0,2,50.502,24548065.402859103,74.65,95.51
ep_p13,passfail,0,passed,7,4,3,T3,1,0,1,2,50.372,23692978.190544005,71.97,87.861
ep_p14,passfail,0,passed,7,5,4,T3,0,0,2,4,50.345,25563760.324132126,74.6,85.228
ep_p15,passfail,0,passed,7,6,5,T2,1,0,2,4,50.476,22483022.330403894,76.89,77.912
ep_p16,passfail,0,passed,7,1,0,PASS@0,0,0,0,0,48.932,25343233.459916078,85.33,99.433
ep_p17,passfail,0,passed,7,4,3,T3,0,0,2,3,48.999,28898778.6331744,81.19,93.376
ep_p18,passfail,0,passed,7,4,3,T2,1,0,0,2,48.592,24525141.8929693,77.23,85.074
ep_p19,passfail,0,passed,7,5,4,T3,1,0,2,3,50.438,23664202.600521285,76.07,81.234
ep_p20,passfail,0,passed,7,3,2,T3,0,0,1,2,47.412,24739893.775576677,85.69,90.572
ep_r01,norepair,0,passed,7,3,2,T3,0,0,1,2,49.367,23800979.45809803,72.78,83.896
ep_r02,norepair,0,passed,7,2,1,T3,0,0,0,1,43.332,28539169.315397136,84.31,92.127
ep_r03,norepair,0,passed,7,1,0,PASS@0,0,0,0,0,48.76,20373870.66166112,85.5,79.895
ep_r04,norepair,0,passed,7,2,1,T3,0,0,0,1,48.865,26243469.33511401,83.16,94.468
ep_r05,norepair,0,passed,7,3,2,T2,1,0,0,1,47.437,25565925.666723598,85.5,92.028
ep_r06,norepair,0,passed,7,3,2,T3,1,0,0,1,50.491,25440471.665813506,76.95,90.433
ep_r07,norepair,0,passed,7,1,0,PASS@0,0,0,0,0,49.019,21407270.08249907,85.82,79.555
ep_r08,norepair,0,passed,7,4,3,T3,1,0,0,2,50.47,22512019.55746002,78.51,76.703
ep_r09,norepair,0,passed,7,2,1,T3,0,0,0,1,47.471,26279806.578901388,84.03,85.198
ep_r10,norepair,0,passed,7,2,1,T2,0,0,1,1,48.603,20924449.665459123,86.25,91.412
ep_r11,norepair,0,passed,7,1,0,PASS@0,0,0,0,0,49.023,20799377.119419888,85.87,76.642
ep_r12,norepair,0,passed,7,2,1,T3,0,0,0,1,48.637,21693126.454183087,79.94,79.927
ep_r13,norepair,0,passed,7,3,2,T2,1,0,0,1,49.952,22099912.697482195,81.64,85.096
ep_r14,norepair,0,passed,7,2,1,T3,0,0,0,1,50.481,24439605.797886442,74.97,89.341
ep_r15,norepair,0,passed,7,1,0,PASS@0,0,0,0,0,48.695,23942056.46809852,85.23,99.4
ep_r16,norepair,0,passed,7,1,0,PASS@0,0,0,0,0,47.44,22691933.59329554,85.68,79.23
ep_r17,norepair,0,passed,7,4,3,T3,1,0,0,2,50.486,23270483.9984324,75.62,84.371
ep_r18,norepair,0,passed,7,1,0,PASS@0,0,0,0,0,48.761,20304440.546159282,85.5,79.531
ep_r19,norepair,0,passed,7,2,1,T3,0,0,0,1,50.498,25949723.59339795,74.84,95.465
ep_r20,norepair,0,passed,7,2,1,T3,0,0,0,1,50.536,26048936.26595943,76.51,95.531
ep_rs01,norepair,1,passed,7,2,1,T3,0,0,0,1,48.983,22971033.88258929,83.78,76.696
ep_rs02,norepair,1,passed,7,5,4,T3,2,0,0,2,50.521,26491462.47537168,76.12,95.942
ep_rs03,norepair,1,passed,7,3,2,T3,0,0,0,2,50.375,22950486.1897224,76.74,75.538
ep_rs04,norepair,1,passed,7,3,2,T3,0,0,0,2,50.478,25633213.59327283,74.75,95.081
ep_rs05,norepair,1,passed,7,4,3,T3,0,0,1,3,49.91,26973996.993401226,77.29,90.258
